Date,Open,High,Low,Close,Volume,Dividends,Stock Splits
2025-07-02,26849.599609375,26893.80078125,26762.900390625,26869.69921875,267379900,0.0,0.0
2025-07-03,26888.69921875,27039.30078125,26878.30078125,27034.30078125,165784400,0.0,0.0
2025-07-04,27011.30078125,27076.80078125,26987.900390625,27050.900390625,38494700,0.0,0.0
2025-07-07,27029.400390625,27100.19921875,26964.0,27020.30078125,299306600,0.0,0.0
2025-07-08,27033.30078125,27070.19921875,26861.0,26903.599609375,325494600,0.0,0.0
2025-07-09,26926.099609375,27018.5,26908.30078125,26972.30078125,226394100,0.0,0.0
2025-07-10,26980.69921875,27120.0,26918.80078125,27082.30078125,271236700,0.0,0.0
2025-07-11,27042.900390625,27044.0,26928.099609375,27023.30078125,221467900,0.0,0.0
2025-07-14,27035.19921875,27219.30078125,27001.19921875,27198.900390625,222940900,0.0,0.0
2025-07-15,27210.599609375,27239.5,27017.80078125,27054.099609375,220698100,0.0,0.0
2025-07-16,27074.400390625,27159.900390625,26923.400390625,27153.0,213116600,0.0,0.0
2025-07-17,27190.19921875,27422.400390625,27146.0,27386.900390625,222730400,0.0,0.0
2025-07-18,27413.599609375,27422.099609375,27289.19921875,27314.0,192406300,0.0,0.0
2025-07-21,27350.900390625,27448.5,27303.19921875,27317.0,218636700,0.0,0.0
2025-07-22,27304.80078125,27396.5,27270.5,27364.400390625,240118600,0.0,0.0
2025-07-23,27354.69921875,27462.80078125,27354.69921875,27416.400390625,211667500,0.0,0.0
2025-07-24,27407.099609375,27479.0,27321.400390625,27372.30078125,227503500,0.0,0.0
2025-07-25,27377.0,27516.0,27364.599609375,27494.400390625,191524300,0.0,0.0
2025-07-28,27493.099609375,27493.099609375,27351.30078125,27405.400390625,205699100,0.0,0.0
2025-07-29,27434.80078125,27544.599609375,27434.80078125,27539.900390625,201499500,0.0,0.0
2025-07-30,27525.80078125,27581.19921875,27290.0,27370.0,211185700,0.0,0.0
2025-07-31,27388.900390625,27481.099609375,27218.599609375,27259.80078125,236411000,0.0,0.0
2025-08-01,27171.69921875,27171.69921875,26846.69921875,27020.400390625,224548300,0.0,0.0
2025-08-05,27254.30078125,27575.30078125,27254.30078125,27570.099609375,282282500,0.0,0.0
2025-08-06,27800.5,27955.599609375,27800.5,27920.900390625,261123900,0.0,0.0
2025-08-07,27977.80078125,27977.80078125,27683.0,27761.30078125,222711100,0.0,0.0
2025-08-08,27792.5,27869.900390625,27739.80078125,27758.69921875,229789800,0.0,0.0
2025-08-11,27731.099609375,27841.400390625,27731.099609375,27775.19921875,219844100,0.0,0.0
2025-08-12,27816.0,27954.0,27816.0,27921.30078125,204006700,0.0,0.0
2025-08-13,27976.599609375,28063.69921875,27942.0,27993.400390625,228308900,0.0,0.0
2025-08-14,27942.599609375,27960.69921875,27836.400390625,27916.0,206508300,0.0,0.0
2025-08-15,27930.599609375,27932.099609375,27850.80078125,27905.5,207135100,0.0,0.0
2025-08-18,27887.30078125,27922.900390625,27840.900390625,27922.900390625,211170700,0.0,0.0
2025-08-19,27921.599609375,27998.30078125,27816.19921875,27823.900390625,189729900,0.0,0.0
2025-08-20,27821.30078125,27913.80078125,27802.099609375,27878.80078125,215029900,0.0,0.0
2025-08-21,27858.599609375,28063.5,27845.5,28055.400390625,208913900,0.0,0.0
2025-08-22,28079.5,28394.599609375,28079.5,28333.099609375,303570000,0.0,0.0
2025-08-25,28313.69921875,28313.69921875,28138.69921875,28169.900390625,238288800,0.0,0.0
2025-08-26,28173.900390625,28346.599609375,28159.599609375,28339.900390625,380689500,0.0,0.0
2025-08-27,28352.5,28468.30078125,28352.5,28433.0,251914200,0.0,0.0
2025-08-28,28505.099609375,28530.19921875,28349.599609375,28434.80078125,203072100,0.0,0.0
2025-08-29,28416.400390625,28607.30078125,28370.900390625,28564.5,249046500,0.0,0.0
2025-09-02,28497.400390625,28617.599609375,28370.099609375,28615.599609375,246992600,0.0,0.0
2025-09-03,28667.900390625,28761.900390625,28656.900390625,28751.400390625,235955700,0.0,0.0
2025-09-04,28761.900390625,28924.30078125,28734.900390625,28915.900390625,215745900,0.0,0.0
2025-09-05,29002.80078125,29115.400390625,28868.0,29050.599609375,245660000,0.0,0.0
2025-09-08,29070.19921875,29102.099609375,28893.900390625,29027.69921875,285660000,0.0,0.0
2025-09-09,29018.0,29123.099609375,29018.0,29063.0,278823600,0.0,0.0
2025-09-10,29108.5,29218.30078125,29099.900390625,29179.400390625,287547500,0.0,0.0
2025-09-11,29192.400390625,29418.80078125,29178.599609375,29407.900390625,256899600,0.0,0.0
2025-09-12,29390.69921875,29421.19921875,29254.400390625,29283.80078125,218533800,0.0,0.0
2025-09-15,29302.099609375,29432.5,29241.80078125,29431.0,307016200,0.0,0.0
2025-09-16,29429.5,29429.5,29247.599609375,29315.19921875,318858700,0.0,0.0
2025-09-17,29289.099609375,29465.099609375,29201.900390625,29321.69921875,260946900,0.0,0.0
2025-09-18,29347.0,29504.19921875,29319.900390625,29453.5,219478600,0.0,0.0
2025-09-19,29620.0,29791.5,29531.5,29768.400390625,812397000,0.0,0.0
2025-09-22,29791.0,29990.69921875,29747.900390625,29959.0,352957600,0.0,0.0
2025-09-23,30005.69921875,30066.599609375,29811.69921875,29815.599609375,296641400,0.0,0.0
2025-09-24,29865.0,30023.099609375,29755.19921875,29757.0,312079700,0.0,0.0
2025-09-25,29661.599609375,29768.30078125,29544.80078125,29732.0,293274800,0.0,0.0
2025-09-26,29778.400390625,29864.19921875,29739.19921875,29761.30078125,297599800,0.0,0.0
2025-09-29,29856.5,29980.5,29856.5,29971.900390625,264613400,0.0,0.0
2025-09-30,29930.69921875,30049.80078125,29837.30078125,30022.80078125,258525200,0.0,0.0
2025-10-01,30006.400390625,30182.599609375,30006.400390625,30107.69921875,227878300,0.0,0.0
2025-10-02,30172.80078125,30183.099609375,29903.099609375,30160.599609375,272062800,0.0,0.0
2025-10-03,30205.099609375,30490.0,30205.099609375,30471.69921875,279826500,0.0,0.0
2025-10-06,30635.900390625,30687.0,30479.099609375,30531.900390625,263418200,0.0,0.0
2025-10-07,30571.099609375,30612.099609375,30278.19921875,30351.69921875,249223800,0.0,0.0
2025-10-08,30492.19921875,30521.0,30365.80078125,30502.0,292002200,0.0,0.0
2025-10-09,30545.0,30550.19921875,30165.0,30270.0,275008600,0.0,0.0
2025-10-10,30324.19921875,30358.69921875,29842.0,29850.900390625,314817500,0.0,0.0
2025-10-14,29907.900390625,30478.0,29907.900390625,30353.599609375,345275800,0.0,0.0
2025-10-15,30493.099609375,30808.099609375,30470.80078125,30637.099609375,280486500,0.0,0.0
2025-10-16,30749.69921875,30790.599609375,30375.0,30458.80078125,276484000,0.0,0.0
2025-10-17,30338.80078125,30338.80078125,30008.0,30108.5,282271000,0.0,0.0
2025-10-20,30265.400390625,30439.099609375,30265.400390625,30416.400390625,229130400,0.0,0.0
2025-10-21,30214.099609375,30214.099609375,29837.599609375,29888.80078125,245603000,0.0,0.0
2025-10-22,29818.19921875,30036.900390625,29802.5,29983.0,270038700,0.0,0.0
2025-10-23,30097.5,30266.5,30094.900390625,30186.30078125,255404100,0.0,0.0
2025-10-24,30248.69921875,30411.30078125,30248.69921875,30353.099609375,212699600,0.0,0.0
2025-10-27,30315.599609375,30386.599609375,30087.5,30275.80078125,276258400,0.0,0.0
2025-10-28,30296.69921875,30490.0,30296.69921875,30419.69921875,241969100,0.0,0.0
2025-10-29,30495.400390625,30495.400390625,30051.30078125,30144.80078125,260738400,0.0,0.0
2025-10-30,30102.0,30303.099609375,30077.69921875,30179.0,242639000,0.0,0.0
2025-10-31,30274.400390625,30314.599609375,30120.599609375,30260.69921875,280312100,0.0,0.0
2025-11-03,30292.099609375,30294.400390625,30029.400390625,30275.099609375,264274200,0.0,0.0
2025-11-04,29959.19921875,30026.19921875,29749.5,29777.80078125,242806300,0.0,0.0
2025-11-05,29827.80078125,30181.19921875,29827.80078125,30103.5,282495800,0.0,0.0
2025-11-06,30111.5,30117.69921875,29815.099609375,29868.599609375,264378600,0.0,0.0
2025-11-07,29765.19921875,29912.19921875,29530.900390625,29912.19921875,297981000,0.0,0.0
2025-11-10,30085.0,30354.19921875,30085.0,30316.599609375,286689900,0.0,0.0
2025-11-11,30323.099609375,30431.30078125,30258.19921875,30409.30078125,201509000,0.0,0.0
2025-11-12,30475.30078125,30863.30078125,30475.30078125,30827.599609375,285848300,0.0,0.0
2025-11-13,30779.19921875,30788.80078125,30164.900390625,30253.599609375,296062200,0.0,0.0
2025-11-14,30104.80078125,30375.5,29828.5,30326.5,316911300,0.0,0.0
2025-11-17,30278.400390625,30353.099609375,29940.5,30076.19921875,314802500,0.0,0.0
2025-11-18,29969.69921875,30140.400390625,29829.400390625,30036.5,280541100,0.0,0.0
2025-11-19,30106.0,30292.80078125,30067.69921875,30278.400390625,251813300,0.0,0.0
2025-11-20,30479.900390625,30632.80078125,29898.5,29906.599609375,248350800,0.0,0.0
2025-11-21,29933.19921875,30242.5,29841.80078125,30160.69921875,266881500,0.0,0.0
2025-11-24,30194.599609375,30614.5,30154.5,30604.400390625,453168900,0.0,0.0
2025-11-25,30624.0,30924.099609375,30572.0,30900.69921875,282654100,0.0,0.0
2025-11-26,30958.19921875,31215.5,30958.19921875,31180.30078125,234778200,0.0,0.0
2025-11-27,31165.30078125,31226.69921875,31158.80078125,31216.19921875,34506200,0.0,0.0
2025-11-28,31233.900390625,31411.0,31151.69921875,31382.80078125,207817800,0.0,0.0
2025-12-01,31262.099609375,31308.80078125,31099.80078125,31101.80078125,289026600,0.0,0.0
2025-12-02,31158.19921875,31179.0,30908.099609375,31049.30078125,273879400,0.0,0.0
2025-12-03,31083.69921875,31210.69921875,31063.0,31160.5,285143900,0.0,0.0
2025-12-04,31189.0,31520.30078125,31189.0,31477.599609375,290212300,0.0,0.0
2025-12-05,31495.69921875,31541.69921875,31265.0,31311.400390625,267078100,0.0,0.0
2025-12-08,31323.400390625,31332.400390625,31163.80078125,31170.0,313912900,0.0,0.0
2025-12-09,31164.900390625,31395.900390625,31160.900390625,31244.400390625,256259200,0.0,0.0
2025-12-10,31208.0,31555.099609375,31198.69921875,31490.900390625,299938000,0.0,0.0
2025-12-11,31470.19921875,31725.099609375,31410.400390625,31660.69921875,264198400,0.0,0.0
2025-12-12,31710.900390625,31760.80078125,31325.80078125,31527.400390625,285540400,0.0,0.0
2025-12-15,31594.599609375,31707.0,31434.099609375,31483.400390625,291964000,0.0,0.0
2025-12-16,31374.900390625,31480.599609375,31215.80078125,31263.900390625,313057400,0.0,0.0
2025-12-17,31382.19921875,31450.5,31170.80078125,31250.0,295937800,0.0,0.0
2025-12-18,31367.5,31636.69921875,31366.900390625,31440.900390625,266169000,0.0,0.0
2025-12-19,31527.400390625,31865.80078125,31527.400390625,31755.80078125,689859400,0.0,0.0
2025-12-22,31875.099609375,32081.900390625,31827.599609375,32000.099609375,290359100,0.0,0.0
2025-12-23,31989.099609375,32073.19921875,31950.80078125,32058.69921875,245182100,0.0,0.0
2025-12-24,32039.0,32079.69921875,31914.69921875,31999.80078125,82632300,0.0,0.0
2025-12-29,31890.599609375,31993.0,31834.099609375,31896.599609375,262173400,0.0,0.0
2025-12-30,31976.19921875,32029.80078125,31866.30078125,31866.30078125,220444500,0.0,0.0
2025-12-31,31840.30078125,31881.80078125,31692.599609375,31712.80078125,135200300,0.0,0.0
2026-01-02,31815.69921875,31884.19921875,31685.5,31883.400390625,219395600,0.0,0.0
2026-01-05,31982.69921875,32318.30078125,31982.69921875,32220.0,375678700,0.0,0.0
2026-01-06,32227.80078125,32431.5,32170.599609375,32407.0,336760000,0.0,0.0
2026-01-07,32254.30078125,32254.30078125,31974.900390625,32135.5,344537700,0.0,0.0
2026-01-08,32090.69921875,32393.30078125,32036.19921875,32378.599609375,295144500,0.0,0.0
2026-01-09,32457.0,32679.69921875,32457.0,32612.900390625,248703700,0.0,0.0
2026-01-12,32676.69921875,32897.5,32676.69921875,32874.69921875,284082500,0.0,0.0
2026-01-13,32953.19921875,32978.6015625,32845.3984375,32870.3984375,294013500,0.0,0.0
2026-01-14,32894.8984375,32957.30078125,32708.19921875,32916.5,300731300,0.0,0.0
2026-01-15,32953.80078125,33099.30078125,32876.3984375,33028.8984375,229474100,0.0,0.0
2026-01-16,33031.30078125,33099.5,32859.80078125,33040.6015625,274987000,0.0,0.0
2026-01-19,33000.3984375,33100.5,32918.69921875,33091.0,104172900,0.0,0.0
2026-01-20,33030.0,33030.0,32693.69921875,32750.30078125,297629300,0.0,0.0
2026-01-21,32862.5,33015.80078125,32691.5,32851.5,337758800,0.0,0.0
2026-01-22,32928.19921875,33128.6015625,32879.69921875,33002.69921875,247652000,0.0,0.0
2026-01-23,33047.3984375,33152.80078125,32966.3984375,33145.0,266897500,0.0,0.0
2026-01-26,33232.6015625,33428.3984375,33068.19921875,33093.30078125,301551400,0.0,0.0
2026-01-27,33075.8984375,33167.30078125,32886.3984375,33096.3984375,273999400,0.0,0.0
2026-01-28,33143.0,33288.3984375,32966.5,33176.1015625,322650600,0.0,0.0
2026-01-29,33252.19921875,33427.8984375,32698.099609375,33016.1015625,400562800,0.0,0.0
2026-01-30,32835.30078125,32835.30078125,31726.80078125,31923.5,359763900,0.0,0.0
2026-02-02,31918.900390625,32235.30078125,31918.900390625,32183.900390625,316597500,0.0,0.0
2026-02-03,32289.0,32540.099609375,32051.099609375,32388.599609375,327761200,0.0,0.0
2026-02-04,32455.900390625,32574.900390625,32224.400390625,32571.599609375,372462900,0.0,0.0
2026-02-05,32436.5,32436.5,31926.099609375,31994.599609375,321404600,0.0,0.0
2026-02-06,32148.400390625,32478.0,32148.400390625,32471.0,304164200,0.0,0.0
2026-02-09,32481.19921875,33023.30078125,32481.19921875,33023.30078125,305814500,0.0,0.0
2026-02-10,33102.30078125,33292.19921875,33042.1015625,33256.80078125,271864500,0.0,0.0
2026-02-11,33564.0,33693.3984375,33033.30078125,33254.19921875,306055800,0.0,0.0
2026-02-12,33304.80078125,33310.6015625,32442.900390625,32465.30078125,359935600,0.0,0.0
2026-02-13,32530.19921875,33073.69921875,32458.80078125,33073.69921875,264204600,0.0,0.0
2026-02-17,32975.5,32975.5,32537.099609375,32896.6015625,304540800,0.0,0.0
2026-02-18,33008.69921875,33458.19921875,33008.69921875,33389.69921875,317192400,0.0,0.0
2026-02-19,33317.80078125,33595.6015625,33242.3984375,33595.0,286000700,0.0,0.0
2026-02-20,33568.69921875,33820.80078125,33537.0,33817.5,326279500,0.0,0.0
2026-02-23,33809.8984375,33998.5,33563.30078125,33776.5,304734500,0.0,0.0
2026-02-24,33703.80078125,33994.6015625,33614.69921875,33970.3984375,296481300,0.0,0.0
2026-02-25,34051.1015625,34262.19921875,33962.80078125,34127.30078125,292157700,0.0,0.0
2026-02-26,34124.30078125,34510.1015625,34047.5,34502.0,312498800,0.0,0.0
2026-02-27,34414.30078125,34495.30078125,34240.1015625,34340.0,496720700,0.0,0.0
2026-03-02,34304.8984375,34544.5,34116.19921875,34541.30078125,339526500,0.0,0.0
2026-03-03,34147.69921875,34147.69921875,33136.5,33784.8984375,357147400,0.0,0.0
2026-03-04,33905.1015625,34058.69921875,33764.80078125,33942.8984375,284038200,0.0,0.0
2026-03-05,33791.19921875,33836.0,33330.80078125,33610.0,323644600,0.0,0.0
2026-03-06,33352.1015625,33352.1015625,32882.80078125,33083.69921875,362627400,0.0,0.0
2026-03-09,32853.30078125,33241.30078125,32349.30078125,33189.30078125,407897600,0.0,0.0
2026-03-10,33274.8984375,33523.19921875,33166.0,33270.69921875,331734800,0.0,0.0
2026-03-11,33212.8984375,33282.1015625,32985.6015625,33119.80078125,312556900,0.0,0.0
2026-03-12,33056.0,33121.6015625,32820.30078125,32840.6015625,323839400,0.0,0.0
2026-03-13,32843.8984375,33051.1015625,32483.80078125,32541.900390625,264661100,0.0,0.0
2026-03-16,32569.099609375,32930.30078125,32569.099609375,32876.69921875,293390400,0.0,0.0
2026-03-17,33007.0,33255.1015625,32883.69921875,32929.1015625,238373400,0.0,0.0
2026-03-18,32777.6015625,32777.6015625,32287.69921875,32312.69921875,234006700,0.0,0.0
2026-03-19,32126.69921875,32126.69921875,31566.30078125,31855.0,362737200,0.0,0.0
2026-03-20,31796.80078125,31799.19921875,31146.30078125,31317.400390625,839660900,0.0,0.0
2026-03-23,31411.0,32050.80078125,31411.0,31883.80078125,438003400,0.0,0.0
2026-03-24,31757.900390625,32116.900390625,31572.400390625,31941.599609375,293098800,0.0,0.0
2026-03-25,32232.599609375,32453.099609375,32128.0,32382.599609375,312606500,0.0,0.0
2026-03-26,32161.099609375,32506.400390625,31867.900390625,31887.5,303605100,0.0,0.0
2026-03-27,31800.900390625,32104.099609375,31743.69921875,31960.69921875,305308100,0.0,0.0
2026-03-30,32088.099609375,32392.80078125,31778.0,31934.900390625,313314700,0.0,0.0
2026-03-31,32156.30078125,32779.80078125,32156.30078125,32768.0,365553300,0.0,0.0
2026-04-01,32920.19921875,33113.80078125,32859.30078125,32958.0,326524800,0.0,0.0
2026-04-02,32682.400390625,33144.8984375,32564.099609375,33108.19921875,306610300,0.0,0.0
2026-04-06,33090.0,33230.69921875,33077.69921875,33182.0,279089700,0.0,0.0
2026-04-07,33139.5,33239.19921875,32931.1015625,33237.5,278006500,0.0,0.0
2026-04-08,33559.1015625,33862.5,33480.5,33620.6015625,355384300,0.0,0.0
2026-04-09,33590.80078125,33737.1015625,33446.69921875,33477.69921875,310068400,0.0,0.0
2026-04-10,33528.19921875,33777.69921875,33528.19921875,33695.80078125,240672600,0.0,0.0
2026-04-13,33594.6015625,33913.5,33548.0,33879.19921875,270826100,0.0,0.0
2026-04-14,33935.8984375,34121.69921875,33844.30078125,34102.3984375,241305300,0.0,0.0
2026-04-15,34112.8984375,34282.0,34018.69921875,34156.0,228139500,0.0,0.0
2026-04-16,34220.3984375,34333.6015625,34027.3984375,34052.19921875,242193500,0.0,0.0
2026-04-17,34143.30078125,34430.80078125,34128.0,34346.30078125,324985700,0.0,0.0
2026-04-20,34287.80078125,34371.8984375,34211.80078125,34360.0,261123700,0.0,0.0
2026-04-21,34334.30078125,34401.80078125,33793.0,33808.30078125,281067300,0.0,0.0
2026-04-22,33961.3984375,34112.80078125,33871.80078125,33955.1015625,207993700,0.0,0.0
2026-04-23,33857.6015625,34010.5,33621.80078125,33912.8984375,260560300,0.0,0.0
2026-04-24,33965.3984375,33965.3984375,33773.8984375,33904.1015625,228290000,0.0,0.0
2026-04-27,33849.1015625,33918.6015625,33738.3984375,33818.19921875,325551300,0.0,0.0
2026-04-28,33757.8984375,33844.8984375,33550.5,33584.30078125,299894200,0.0,0.0
2026-04-29,33525.0,33531.30078125,33233.3984375,33318.3984375,279025300,0.0,0.0
2026-04-30,33405.69921875,33976.0,33405.69921875,33964.30078125,331244000,0.0,0.0
2026-05-01,33979.5,34002.69921875,33851.19921875,33891.19921875,199261700,0.0,0.0
2026-05-04,33847.8984375,33943.8984375,33615.6015625,33638.8984375,298380700,0.0,0.0
2026-05-05,33590.8984375,33790.1015625,33546.5,33566.8984375,236397300,0.0,0.0
2026-05-06,33813.1015625,34042.19921875,33813.1015625,33981.80078125,343264100,0.0,0.0
2026-05-07,34027.30078125,34175.5,33745.0,33856.6015625,324764000,0.0,0.0
2026-05-08,33959.69921875,34122.80078125,33959.69921875,34077.80078125,290537100,0.0,0.0
2026-05-11,34052.69921875,34331.80078125,34052.69921875,34138.8984375,288036400,0.0,0.0
2026-05-12,34113.69921875,34303.69921875,33907.30078125,34290.69921875,283500100,0.0,0.0
2026-05-13,34236.3984375,34267.3984375,33963.0,34041.3984375,256068300,0.0,0.0
2026-05-14,34083.3984375,34323.80078125,33997.69921875,34268.30078125,250126000,0.0,0.0
2026-05-15,34065.69921875,34065.69921875,33673.80078125,33833.3984375,314260600,0.0,0.0
2026-05-19,33878.6015625,34013.8984375,33721.0,33741.19921875,322644400,0.0,0.0
2026-05-20,33786.80078125,34234.5,33786.80078125,34161.80078125,271209300,0.0,0.0
2026-05-21,34071.30078125,34522.0,34025.80078125,34409.5,282331600,0.0,0.0
2026-05-22,34482.1015625,34574.8984375,34401.8984375,34471.3984375,228955200,0.0,0.0
2026-05-25,34635.80078125,34846.5,34635.80078125,34724.80078125,67072700,0.0,0.0
2026-05-26,34718.69921875,34762.0,34551.8984375,34653.8984375,257279800,0.0,0.0
2026-05-27,34560.0,34613.3984375,34392.69921875,34412.1015625,279765100,0.0,0.0
2026-05-28,34383.19921875,34602.6015625,34232.0,34517.69921875,265386100,0.0,0.0
2026-05-29,34557.5,34769.1015625,34423.30078125,34769.1015625,661363400,0.0,0.0
2026-06-01,34754.80078125,34815.30078125,34494.19921875,34734.8984375,289417000,0.0,0.0
2026-06-02,34711.80078125,35176.80078125,34711.80078125,35169.5,287642500,0.0,0.0
2026-06-03,35030.6015625,35111.5,34799.8984375,34801.5,278685800,0.0,0.0
2026-06-04,34886.3984375,35291.1015625,34886.3984375,35217.1015625,314577700,0.0,0.0
2026-06-05,35071.80078125,35071.80078125,34379.69921875,34413.5,321854800,0.0,0.0
2026-06-08,34511.19921875,34734.8984375,34436.69921875,34478.69921875,304138100,0.0,0.0
2026-06-09,34533.80078125,34739.0,33990.5,34411.69921875,292145500,0.0,0.0
2026-06-10,34234.19921875,34403.69921875,34123.5,34151.30078125,274572200,0.0,0.0
2026-06-11,34232.6015625,34746.3984375,34232.6015625,34671.5,307849700,0.0,0.0
2026-06-12,34745.5,35078.5,34739.69921875,34937.8984375,274433600,0.0,0.0
2026-06-15,35075.1015625,35398.30078125,35075.1015625,35275.6015625,290497600,0.0,0.0
2026-06-16,35340.1015625,35456.80078125,35261.0,35389.6015625,272818300,0.0,0.0
2026-06-17,35364.5,35629.8984375,35081.69921875,35125.1015625,297692400,0.0,0.0
2026-06-18,35214.80078125,35281.1015625,34893.8984375,34969.30078125,311270200,0.0,0.0
2026-06-19,34894.80078125,35006.0,34873.80078125,34968.8984375,128812800,0.0,0.0
2026-06-22,34857.80078125,35084.8984375,34857.80078125,35002.19921875,278255900,0.0,0.0
2026-06-23,34828.30078125,35059.80078125,34584.6015625,34927.3984375,306115000,0.0,0.0
2026-06-24,34818.30078125,34847.80078125,34559.1015625,34736.1015625,318857800,0.0,0.0
2026-06-25,34880.0,35107.1015625,34802.1015625,34850.19921875,252573400,0.0,0.0
2026-06-26,34827.6015625,35123.6015625,34791.1015625,34980.0,278542300,0.0,0.0
2026-06-29,35020.69921875,35035.6015625,34752.0,34823.80078125,295233900,0.0,0.0
2026-06-30,34811.0,34919.6015625,34727.1015625,34857.0,283403300,0.0,0.0
2026-07-02,34974.80078125,35110.1015625,34691.19921875,34966.69921875,335059900,0.0,0.0
2026-07-03,35082.3984375,35352.1015625,35082.3984375,35247.30078125,46651300,0.0,0.0
2026-07-06,35233.3984375,35312.80078125,35053.8984375,35212.30078125,278554000,0.0,0.0
2026-07-07,35235.3984375,35414.6015625,35076.6015625,35272.6015625,300704100,0.0,0.0
2026-07-08,35125.6015625,35125.6015625,34618.3984375,34935.80078125,267646300,0.0,0.0
2026-07-09,34990.5,35263.0,34990.5,35200.5,250707400,0.0,0.0
2026-07-10,35249.19921875,35357.1015625,35128.0,35305.30078125,199949200,0.0,0.0
2026-07-13,35287.1015625,35416.8984375,35168.80078125,35252.69921875,247367100,0.0,0.0
2026-07-14,35261.5,35502.80078125,35261.5,35320.5,207974800,0.0,0.0
2026-07-15,35345.19921875,35479.30078125,35243.69921875,35416.19921875,211718500,0.0,0.0
2026-07-16,35365.5,35441.80078125,35158.30078125,35340.19921875,219388500,0.0,0.0
2026-07-17,35217.3984375,35346.3984375,35034.0,35263.8984375,237322600,0.0,0.0
2026-07-20,35280.3984375,35378.30078125,34960.30078125,34960.30078125,198067800,0.0,0.0
2026-07-21,35066.5,35369.1015625,34986.5,35369.1015625,221775000,0.0,0.0
2026-07-22,35419.6015625,35730.80078125,35419.6015625,35485.1015625,223489200,0.0,0.0
2026-07-23,35364.80078125,35364.80078125,35082.1015625,35192.69921875,239632900,0.0,0.0
2026-07-24,35264.0,35453.6015625,35230.0,35369.1015625,194954300,0.0,0.0
2026-07-27,35395.19921875,35592.1015625,35317.0,35568.1015625,242327700,0.0,0.0
2026-07-28,35497.30078125,35760.0,35374.3984375,35749.69921875,252070900,0.0,0.0
2026-07-29,35701.1015625,35727.8984375,35279.69921875,35333.80078125,285380700,0.0,0.0
2026-07-30,35439.19921875,35526.3984375,35217.3984375,35505.80078125,245711900,0.0,0.0
2026-07-31,35449.8984375,35482.19921875,35189.80078125,35226.1015625,323160300,0.0,0.0
2026-08-04,35422.5,35847.19921875,35422.5,35801.6015625,363516700,0.0,0.0
2026-08-05,36226.6015625,36443.30078125,36142.69921875,36146.3984375,329458400,0.0,0.0
2026-08-06,36116.5,36249.80078125,35981.8984375,36136.30078125,274042300,0.0,0.0
2026-08-07,36234.5,36385.80078125,36234.5,36381.19921875,301046200,0.0,0.0
2026-08-10,36348.6015625,36534.19921875,36298.6015625,36458.30078125,299509100,0.0,0.0
2026-08-11,36492.0,36661.19921875,36452.8984375,36475.8984375,272083600,0.0,0.0
2026-08-12,36552.80078125,36700.3984375,36499.80078125,36662.1015625,255661900,0.0,0.0
2026-08-13,36660.19921875,36763.80078125,36534.30078125,36759.30078125,243561700,0.0,0.0
2026-08-14,36778.0,36844.69921875,36638.1015625,36730.30078125,187274400,0.0,0.0
2026-08-17,36687.3984375,36819.1015625,36643.1015625,36667.8984375,212212700,0.0,0.0
2026-08-18,36615.5,36624.1015625,36313.6015625,36367.8984375,195868700,0.0,0.0
2026-08-19,36536.30078125,36737.3984375,36340.3984375,36401.80078125,276779700,0.0,0.0
2026-08-20,36308.30078125,36481.19921875,36222.30078125,36365.3984375,244828900,0.0,0.0
2026-08-21,36474.80078125,36717.80078125,36474.80078125,36620.19921875,268889600,0.0,0.0
2026-08-24,36598.80078125,36731.5,36520.80078125,36714.1015625,265095800,0.0,0.0
2026-08-25,36627.5,36991.69921875,36627.5,36957.6015625,242694700,0.0,0.0
2026-08-26,36809.5,37069.1015625,36808.3984375,36813.69921875,229776800,0.0,0.0
2026-08-27,36806.3984375,36835.6015625,36624.6015625,36834.30078125,239027200,0.0,0.0
2026-08-28,36876.5,36963.1015625,36431.6015625,36553.8984375,234486300,0.0,0.0
2026-08-31,36493.5,36559.8984375,36144.30078125,36270.5,337071600,0.0,0.0
2026-09-01,36116.80078125,36141.1015625,35722.0,35825.69921875,305940000,0.0,0.0
2026-09-02,35903.0,36116.80078125,35903.0,36091.6015625,265437800,0.0,0.0
2026-09-03,36259.1015625,36669.1015625,36259.1015625,36633.1015625,247988200,0.0,0.0
2026-09-04,36487.69921875,36666.3984375,36432.30078125,36513.80078125,213153600,0.0,0.0
2026-09-08,36421.6015625,36445.3984375,36107.6015625,36123.1015625,294147100,0.0,0.0
2026-09-09,36174.6015625,36174.6015625,35892.8984375,35906.6015625,290603700,0.0,0.0
2026-09-10,35739.3984375,35739.3984375,35427.5,35506.30078125,275614700,0.0,0.0
2026-09-11,35673.80078125,35857.3984375,35578.5,35697.5,214351000,0.0,0.0
2026-09-14,35603.1015625,35847.5,35520.8984375,35702.5,301230600,0.0,0.0
2026-09-15,35682.19921875,35705.30078125,35405.6015625,35582.1015625,244283500,0.0,0.0
2026-09-16,35675.80078125,35781.80078125,35243.30078125,35491.30078125,265362900,0.0,0.0
2026-09-17,35759.6015625,35920.1015625,35724.6015625,35874.30078125,196436200,0.0,0.0
2026-09-18,35865.0,35865.0,35650.3984375,35806.69921875,628419000,0.0,0.0
